{"file_hashes":[{"block_hashes":["Mrz4YKsbJYDheu+KpDOfRydG0Vuh1920t4UUdGz3gus=","6j8aXYPjU6HFKK8TuIIgST3yzS1P+fUQvvVSC8WEgP0="],"block_size":4096,"path":"_locales/iw/messages.json"},{"block_hashes":["E8liWrnFEbiRB6PrTTu0r5PAlauyBKTEBtHL6DeaBvE=","Np4u4h2gWKFORtQhfJ/GH4VmuTGaQcpYVLWCgKObeyw=","RXOY5pXIrmnLuJcsGeJpgZdLXCD/BovPZz0/xGrWbko=","gWJaYTQb+5p4X+hakmr3wrQBfZTJ7ZU5gAqlkWk0aCM=","SQxClMxsjQgTRR4gJqo1/juizinbdk+PJRdStx+fpaw=","tLu6E/SFPaXbkwIBTx0zjW2M7P75pTiMlfpjGR+2Ig0=","/jv5AcFIfB124W7txbCVMomZIt1V89gbJKMKq7zVTsw=","vlcLiW+MP1jHEz+QS1LEt3FYnmR+Wl5RjZXxED0u9ww=","BMWJ3JQtlIZlUPP8XB1Tw+zcIZISFXq1zGLEIAY0+UM=","+7GiGbd5t/MWol2WyILgV1R1PZd2ruh6Arh61mS8PIo=","hfhLMPGj0NdtZJysh6vXfCaS8UEkRTqFe4X1P5oAXgc=","OsDZc+dyKlYx4eJASwn05dyFv6b6gHuwzgHr1w3jRdw=","waByJWN6ENvltSwcTvYdP2c0QnnNPQeg3RtrpVlX63U=","nJ9P8KVrpnx4ZNuZI84/Tl3IK3sEVqUexBBjrUl7ssI=","PT2/0+wFdDi8bJshupCops+kl6zEE0Oflqy6WgLR5tQ=","4k+7RjLuMlEzmpa+GzqsTz7VtFss5+OSoLr9p2LU6q4=","re6eAPXHzwGwixyp/HcJkkImAyN78RHHrhJENmEej14=","hx3yl8ZLY3uq7Hvtl/bgJv1BdMaLn8fBWzj2Op3RFtU=","OhJjRVT/l3vTkAZjpVd5sbOWtWzjZXW0Obnevvw+k4Q=","MNYUwqHgzXGLUVBhRX6rkPd1W3ztjDPv0ZXyxyUAEYM=","Xw6zF7mfFMZQiN6r3m8ue6c9HSyx9osOLrcfQD04nqc=","LbqeVoRMLqJySKT3deOWIil0v0BP3v18aMcpY2cZEQY=","RAaZNznMaDMXyQxsJD3l1mZ0rKCxfCaKci+MlpWf9zg=","FoT89Rc1WGKKvPV9qtRQik025MnoXLkTqL2a8AwN+dU=","36gbXnIPxLwjtAXS1NDfkE45ehwvKbnklOxgAT8LNM8=","Cvco8S5pL9LOK9o5oeoArEaOUV+J+SwlHBPdlWjuWXM=","IxU0MAUIDUVRETt1JvgtUkwmFg4zlof3UXQSV7z6qMg=","xKzp9bnqP14Ja9RjXXZrfEUnD3qsJtjoUp5aq+i6hvA=","KcVPHWckTbiqPe5UDpYtX2t+A0DIJiUOlFCnKcra4R8=","nQygO3al3xgKMiEqQ8SCYLnarxNZ91Zj93pDlXFv/Ss=","xzbRp6cn5wGbC7eVIq35UjHctMU2OdFaXx0XKawsGL8=","bsWLcstHyojtwpf9Uybt9HRizUWt3ANu2ZbybqI63G8=","lSeCUU3na941DHmGiLlxTvpzK4f+baYj+fbbN6Yivzg=","FBTAL8A/nfWOrxgJytLGGI1L05ILOL6BM6SYxBsZuQM=","cVbQttWCEteT48/PzAcDS9rXbSWXVwgPZR48YTYxEzw=","J7hSwT9lkQCHxEf+169/AirtAUFgIAU61/0vmpqKCvs="],"block_size":4096,"path":"bubble_compiled.js"},{"block_hashes":["CIsrRVCWEMAdhg0/uYzZzTEJZNeIT/D4Mdn5DkPAIkk=","rdAZA94T0krq5VuxQ/qzptl0JmS4YpVCSbo8t/hcG8U="],"block_size":4096,"path":"bubble_gss.css"},{"block_hashes":["eHY54+gWylVJAEfGKjIODnwM385EQHuu4dCt/1fNFSI="],"block_size":4096,"path":"icons/audio.png"},{"block_hashes":["YIN503oWSkBrd+gwZqSc5sK2Dt5NTPkyOcVzWOdhYuI="],"block_size":4096,"path":"icons/new_translation.png"},{"block_hashes":["9jAwzgdV4fv3P2xFvo7NH/cFHTPt+2NX8pnlEh/BpF4="],"block_size":4096,"path":"injection.js"},{"block_hashes":["R6HFTjn89XBUqLeSPwzcBSwc+cIOTMPibd0/OPcjHhA=","lgFNZvhohK0eAGGrOYSMCDBbA+sgPMtkC5nsuxF5wMM=","vwo3luazRbVJlQoNaaWvLnaGEn1MGUp8KWTS9XevYb0=","n/lyKv3KQdXmeEZ7nUADqbM11rWn+giPflFt9zSJ+k0=","CAwtZh2PkrwYMqSenpuW9Dg6KZD19GjulZt/zqcUXSY=","xi47o6ZRAjCuyCdlOEZ0xJHIQ9HGBv5E6zvF5xUqTo0="],"block_size":4096,"path":"main_compiled.js"},{"block_hashes":["Dddo0rigCGaSfQC9i2nSUrjuy6KcHxS24z7zds2tOfA="],"block_size":4096,"path":"options.html"},{"block_hashes":["kqoJR/hQJxeFV35apoQaxSYsIiDDVGIUOPzI8A1Q1zE=","C9oOga1u63mGgpdWSRbraMXMvb9m1X14fyjLydJ3usM=","Z0CSs05CtD8VnCe9kjq2xLnQLqRZ83zX13ktqrQpwjI=","2WLqWKe4y9A3Dh3RvmdNGsqL+eQLEgPV4vKhe+a52bk=","4Vt1yH5UHYHoRSZRvbrPBshwJNju3nV3BEAczG12sMM=","uMktKn9VRBwKnR21gfCxOgKangUpaZGdPupa9nYXdR0=","w+x3rW//6K6THYEk8ABc+Acb7B+HVXKk8TLXCaqmAk0=","WDp1H/f4pfRYu3o1+j7flcNieX8GoVvXsuKhRfzeLXU=","JXt4ZNXCoUUwJSYDcgd/93GKwYMIVj5Y5Q+8Jmq9bNg=","giStUaoa/X+YA8YgmPmMWNA7yxtxsuyzJJtnIe4Uf3o=","z9wPTwFqmrOxYDHJHQWInBWUIVCVqeqc5yVW4419hH8=","Pe0mSkky+zTQ4OgSv7vvpalMutQZa2fDly8vT5kRWcY=","csWDwwRRTF9pocZ6l7ghXJJ9/QZUX2heJJvPFz31p0A=","T0ZI2c4ElHA037edeQVbJqwF2d1ovi/yJyN2+ykAI6s=","WBBZuq/r6CxeSW08u7c0HmJwmWw+aeimdhfDlLSrp/M=","X4MaTPioWBOiYMg6lfD5Ai9lKJxJ1X5uQJ5ujHq8jxc=","KzDbXqIg8BThvQ6gIc4ll6ZSMTUqMfRPd5ndfjI18s4=","32HZ5+p5Z6HXmjjv7mrkZ2Arr/lIg/bzVaZ2cDpfezk=","5goaiSDwwQ8iH31eWn00oCUpcAIe8ZcaJiffAw43TIA=","4oaHMJb7KWEPV573uY1rDV8Or4srZN9DCIPEK3gZL3E=","Ch4CGfce5wF/89V/xmMRMl5V5uIavkhVjiP5d6gLc7E="],"block_size":4096,"path":"options_compiled.js"},{"block_hashes":["X+Uv3BsQqo2c+dLjvI8/qk6jAFXNLE2I3JPGEG72mSU=","t7S9Ye/oOeqRDoypQqU0i0e+IkOt5vKmKVyUWVqT2H0=","DdnhOER0hIC+gMEuD3ekN+u7yZB1z4SM3uB9sbD0jD8=","FjP6/Gb+qCJAtrMXHbBfdinoF6wpVDUxsHnQU3fVOsc=","CExmWp9xYS5AEQlSjp5UXDMW9v7V7T8kyJlfFrN8fRE=","TgqkyiV48T/HkgAPIu/UXazA7KdMqlCBBk+OHE+KIGg="],"block_size":4096,"path":"options_css_compiled.css"},{"block_hashes":["0vgfrbPL2b8hszdao2keYGkXZdHZUONcYtVJiULyUao="],"block_size":4096,"path":"popup.html"},{"block_hashes":["npMaChE+IHvUj82aOs32L/JxrkhE7jva87Cawk6OmE0=","x8Ojn3L8QQF9NBP2/8c9Xz6ta160EH0dfo9xKshWmxk=","9vjDSX8qOfsETMNAru9ky+tNMw6lk5+cwjuHFJyGLF4=","tqOj7CUrs8bsaFr7is1Z1iYPpfPQjJVM1oniTDTFjFA=","eg+6HE9Oyvz6r70EvjMs5VeJuf9IYqNTBNK5uWvYsbc=","eEJZlSruvhgRcAfA4kOYh27abxdlFyKm6Z9+2jB4qZs=","rcu0JQFJv+ItSKOOt/VdRHKGe4lbr/Ux5+53lATUcB4=","n+rljhvw7pcga7brKKU07E37jr8+to2vcP8T1gEcJ3Y=","qtqRjPHf34KyjAhApPeaB0lhpAvJkcf7XTYpkfN3cys=","ndzajkwtx03Tyq860KwA/3sEc0f6dzTBvbRJ3Pw0ooo=","VfM+dE4RiwElVOOYNzsZynwkW6AwqBQJJnsjgkkrZXk=","OkQsNuy7y84OMFZWzWGx7fSLn0h/CYtBV45NEedtsJ4=","1n0BNZaJiB/0O6AuvFTJbQguVb+PwM9LztHP8+s9WvA=","Ngtz/p9MrIt09yLQ9NXGcpaDOAtH6ezX3K99cJKou1k=","WeN8SY72cT7SOBFhaDjaejdoZ060GMpTvmyRJvMinH4=","zQVwTtwaJvIFMYX0LDKsPhMt+rIucA+1MzL+uE+Wds0=","OcdiAjL/jTtO6iIOW2/Q3iRVdX7eb117aos8+MQ7rBw=","FkONnKJeie/MhK91ALw1HBdNUK53kzOJR/+ySKMepCQ=","l5gwvssjrd9aljW51GxwPeS88lFriJ26OHrmM2Qxihw=","B51Yt1fYHZkaut1YAbcEZAVmwR0+Lm6m5B5rATlm1/8=","aGY1XMKJqjZnWp/9CqgHJ26mD2Dpt0bdTAQefO0/+Wg=","4vwCo+f/4EaElpCmDzPAFd0xsM/8fkicBNmmQRUJrXA=","el3gwJf10GAencnxVkwgT32lWhUixhQrDRH2iUkAMBE=","M2q3eNpL4HnWCf+69mPS9wHc/EKpezmkog4kYYGosM8=","2uHvW0NIav52oUBLrisfUVlnTOU+xuLiZYVUOVoRUTk=","aa7yV424tGQybD7rY6WTD/tk87YxxENUMM6Ep5x1/tw=","tFOqt5u44kCjmNr7TvslUVpZhKsNmrDJYKcBLhCpwQs=","/+QCK0hzkGmxlg38yFFfsJCoTn8QdkdnZ9Hu2LFVh7U=","9qPhCxvVGlvcTNHV+k2lYE5GraHqavLRPFaj8UtyaJU=","qaelykRQ2xx+y0tMzVQGULitmLDGx5MuTQUlM0HqzBs=","EBTWvpdKEGsHva0faOMSHQGOGaIvlJPC8pU5FuPoSKI=","gKLr5NTgK3EXfwxuX48gMM+OYO7X+U2ChrV4o9AgUZ8="],"block_size":4096,"path":"popup_compiled.js"},{"block_hashes":["X+Uv3BsQqo2c+dLjvI8/qk6jAFXNLE2I3JPGEG72mSU=","t7S9Ye/oOeqRDoypQqU0i0e+IkOt5vKmKVyUWVqT2H0=","DdnhOER0hIC+gMEuD3ekN+u7yZB1z4SM3uB9sbD0jD8=","FjP6/Gb+qCJAtrMXHbBfdinoF6wpVDUxsHnQU3fVOsc=","kNehvQhW+cnOmYFN4rCoc9w83kUv5Zn+qRUSzCaVpVE=","tmgXelrTV9JOsJFcNzccJWcINhSVszaanvd0ywfWXOM="],"block_size":4096,"path":"popup_css_compiled.css"}],"version":2}